[803, 'A5'],dUfob5k9t2vH1dVEU9bU
[371, '08'],EiFCRRS86AT19seqH1ls
[557, '5B'],haPQO667Udv210mTA0DE
[196, '2A'],HUxZy9B4H4fGmRxaIAUc
[926, '5E'],2bXVY11btLoUcdDAewqL
[522, '82'],NzD3Z8U193HkylNMZeAO
[1328, 'F5'],CcOz5dNeYSJB6gMKgBzD
[151, 'F3'],lbGE3tbun2ruLzpPExqx
[896, 'B6'],vx6McBp7zb3Mf2jkydcn
[1370, '15'],SikMeCEINuwyIYlFRcTD
[805, '6D'],UuSuyQZ5X9uIIRiVizb3
[161, 'FA'],KdwPLxmgKmvGd2LnJaYb
[952, '5F'],8zBwr3hyLcQ0jrKMEEte
[624, '4B'],D7zYLBQtRqN7a3kL97d2
[1295, 'C0'],2ZxCRVVzSOsC7fn60OWz
[331, '67'],HF70xSPrdHCJKN7qLE56
[1498, '24'],uTF5EWohYDf4ICHlT7hj
[215, '37'],yH0uMW9AHkm7RIe7GHwZ
[1191, '90'],d54RabkPPvoTQKtFXQRl
[205, '5B'],MWUKURJlguJfz746HQqD
[1523, '27'],rQQdh7DiRVIrYJ0X7qXy
[927, 'E5'],7isMIa4vCnKhppM650hC
[507, '00'],VuTvBQ26xAzPxAhP8HfJ
[236, '5D'],vBbm4zkAtTjXdL4Q509x
[730, '34'],W4u55fnamtMaow0sKuJQ
[614, 'EC'],lZ3BpIjXOvhvzrxBxJF0
[743, 'EF'],S4Kq0RrvxKueittkjaE2
[1035, '4C'],HJ0exqBBNvyfPDLCTKZD
[1285, 'A7'],PtsBUom8sOiHrkwHdm7J
[1443, '07'],MP1DaReJlC9eVYW3eS0d
[1405, 'C6'],DsUnKW29scB11qwCN2Ld
[367, '42'],z9U2FJ9nrrF4QE9GEOQL
[1145, '93'],tRYfDaFvRbYITprbY1hC
[61, '05'],YunNgdd9sRvUD00pWBhC
[110, 'C5'],s1dApUTICHNa54Umpnta
[1404, 'D8'],C6j5WCxci9SApRKXANa8
[988, '00'],GqBxAcAWWAxRLnol8KHp
[612, 'CB'],dhYt5TEWaGNd5N7hOc5D
[1439, '24'],bhDE4f9B0gje4w4Gq6Zz
[565, 'B3'],DKdlhqjel3xrQCDAHoYE
[1525, 'F9'],AAsTXzonbq3VLe2Av0b5
[393, 'EE'],uR5UmqzFd8uVeFLp40e8
[711, 'E9'],vpn9tBzNB14dPWhpf87w
[1090, 'FD'],s5yoZqBvB1q1tDgD0bY6
[1556, '78'],hAhvg4cA51zNTcD3rM5N
[850, 'D4'],j6R34wVSQZ209gtWG8LX
[578, 'A9'],Yh7327RjWPUI3PnxFcGV
[719, '95'],2YtLq3FCRGE2LprY6B5p
[1502, 'E5'],yRSV0HwFcOque6B4XLAL
[990, '00'],y5oKu3Hi3n2QU4UNYOPa
[314, '97'],AlAQFYkYrUlRgDa4y2Yk
[1083, 'EF'],c0hXgVcRuGefRz2P6tst
[759, '55'],1zNXGGEn5IpaoAF4ScH7
[1292, 'D1'],92HmhNAznCls9MHKiiDz
[1301, 'A5'],NaR4byJrhXpo3V7DgLKl
[533, 'C8'],iTMpUJomfr9ndYEXIfbi
[76, '16'],wyhmXnRmLKdOXRCp5YVo
[362, 'AA'],NQJP9BgWLjiCQ2FnIBfZ
[1065, '00'],bBYCzumexGct84yxQhwS
[753, '12'],POY3Rc0xJmxRR4LZM3Dc
[485, '17'],4RnynjpGlC0xQQWgfkEz
[1091, '46'],P12GrhAtMZVRwabU0UWz
[132, '6B'],dHv84OCvrO2D0UIgnysm
[1271, 'AA'],LnzHv2UINDqK7UwedXSw
[1243, '53'],kPf9jgWFHxLVjLwV9QHB
[1235, '4B'],AZdxDamtdxH30Vmj2woI
[563, '54'],LvVDeTb34nnVAGtY5jqk
[1270, '55'],EmbqGBHaCuXnGXKBoiZw
[1445, 'FD'],MvF4QGhjPwCg39o6ySqN
[826, '7E'],l3VtwVWKwuUnjtKnRvCL
[502, '00'],KDTN8Ad5tEi97ztGoQdY
[862, '95'],k2dEcQrJmgVkF8KoJHpv
[29, '73'],fq9ZIbrPZsfiL7vHO20h
[462, 'A4'],7m8G11n0PaHW03CFxteB
[959, '7D'],jY7poV1yeeKXE0H9BU5O
[143, '00'],2nzdqpeIfJcCUdh9omAE
[232, '55'],VJhcgzqw5k7bMubYJjNp
[1069, '24'],73nYM0N7t8QBE44SVzaf
[296, '86'],HVI6zmxwCeT4bzQK2VTh
[1428, 'AA'],Abj9QNpCEE3MgmRGnEdt
[1036, '0A'],Y768bRUbPw6MyMSniaTY
[1342, '1A'],9oCMpI6MUkcKbZTkk8kc
[397, 'DF'],wuarbuIAHvXvII39quC3
[541, 'FF'],VnzerR4brXMY6jHyThQR
[222, '9B'],M6SEyLvieuGqX7HjRRWW
[78, '01'],Iekl313tn990GkClWarZ
[173, 'A6'],zmyMZmCrD9boVU2tB6xd
[865, '91'],hoGjKR8vzq2NmnX1ob76
[96, '99'],B91WNceTpLlP3yfkt8RE
[776, '12'],8mjlFBd68CclWgIalRKE
[441, 'AC'],Ilq2KKq3k5tGdeVx1m7c
[84, '00'],N4BSWI8GlQ0jDCkiJLWH
[171, 'E0'],8yJVJVILATwOHV6MjZoi
[722, '7C'],cYc10lW2Z5xRO2PChVpJ
[1566, '27'],8vhhpiTqTriR9cuBmQF4
[1336, '79'],6aNghdmVK0wwizUWbBjZ
[602, 'A3'],nwx6iPj9I5VWsIpsVYlB
[608, 'ED'],3ON3VgVB7zIJNrcpJVtq
[898, '74'],PqhMJOCoFQzZQiggdoZO
[475, '86'],ctRC6YnWDqvTcUv8IpiP
