FUZZ,url,redirectlocation,position,status_code,content_length,content_words,content_lines,resultfile
# on atleast 2 different hosts,http://10.10.10.220:5080/# on atleast 2 different hosts,http://10.10.10.220:5080/users/sign_in,12,302,104,5,1,
# directory-list-2.3-medium.txt,http://10.10.10.220:5080/# directory-list-2.3-medium.txt,http://10.10.10.220:5080/users/sign_in,1,302,104,5,1,
"# Priority ordered case sensative list, where entries were found ","http://10.10.10.220:5080/# Priority ordered case sensative list, where entries were found ",http://10.10.10.220:5080/users/sign_in,11,302,104,5,1,
#,http://10.10.10.220:5080/#,http://10.10.10.220:5080/users/sign_in,13,302,104,5,1,
serial,http://10.10.10.220:5080/serial,http://10.10.10.220:5080/users/sign_in,21,302,104,5,1,
img,http://10.10.10.220:5080/img,http://10.10.10.220:5080/users/sign_in,39,302,104,5,1,
logo,http://10.10.10.220:5080/logo,http://10.10.10.220:5080/users/sign_in,31,302,104,5,1,
#,http://10.10.10.220:5080/#,http://10.10.10.220:5080/users/sign_in,10,302,104,5,1,
privacy,http://10.10.10.220:5080/privacy,http://10.10.10.220:5080/users/sign_in,29,302,104,5,1,
faq,http://10.10.10.220:5080/faq,http://10.10.10.220:5080/users/sign_in,36,302,104,5,1,
# This work is licensed under the Creative Commons ,http://10.10.10.220:5080/# This work is licensed under the Creative Commons ,http://10.10.10.220:5080/users/sign_in,5,302,104,5,1,
rss,http://10.10.10.220:5080/rss,http://10.10.10.220:5080/users/sign_in,37,302,104,5,1,
"# Suite 300, San Francisco, California, 94105, USA.","http://10.10.10.220:5080/# Suite 300, San Francisco, California, 94105, USA.",http://10.10.10.220:5080/users/sign_in,9,302,104,5,1,
# Copyright 2007 James Fisher,http://10.10.10.220:5080/# Copyright 2007 James Fisher,http://10.10.10.220:5080/users/sign_in,3,302,104,5,1,
images,http://10.10.10.220:5080/images,http://10.10.10.220:5080/users/sign_in,16,302,104,5,1,
search,http://10.10.10.220:5080/search,,27,200,12401,578,201,
# Attribution-Share Alike 3.0 License. To view a copy of this ,http://10.10.10.220:5080/# Attribution-Share Alike 3.0 License. To view a copy of this ,http://10.10.10.220:5080/users/sign_in,6,302,104,5,1,
#,http://10.10.10.220:5080/#,http://10.10.10.220:5080/users/sign_in,4,302,104,5,1,
"# license, visit http://creativecommons.org/licenses/by-sa/3.0/ ","http://10.10.10.220:5080/# license, visit http://creativecommons.org/licenses/by-sa/3.0/ ",http://10.10.10.220:5080/users/sign_in,7,302,104,5,1,
news,http://10.10.10.220:5080/news,http://10.10.10.220:5080/users/sign_in,19,302,104,5,1,
index,http://10.10.10.220:5080/index,http://10.10.10.220:5080/users/sign_in,15,302,104,5,1,
#,http://10.10.10.220:5080/#,http://10.10.10.220:5080/users/sign_in,2,302,104,5,1,
blog,http://10.10.10.220:5080/blog,http://10.10.10.220:5080/users/sign_in,32,302,104,5,1,
default,http://10.10.10.220:5080/default,http://10.10.10.220:5080/users/sign_in,40,302,104,5,1,
warez,http://10.10.10.220:5080/warez,http://10.10.10.220:5080/users/sign_in,22,302,104,5,1,
new,http://10.10.10.220:5080/new,http://10.10.10.220:5080/users/sign_in,33,302,104,5,1,
10,http://10.10.10.220:5080/10,http://10.10.10.220:5080/users/sign_in,34,302,104,5,1,
,http://10.10.10.220:5080/,http://10.10.10.220:5080/users/sign_in,14,302,104,5,1,
home,http://10.10.10.220:5080/home,http://10.10.10.220:5080/users/sign_in,38,302,104,5,1,
12,http://10.10.10.220:5080/12,http://10.10.10.220:5080/users/sign_in,24,302,104,5,1,
download,http://10.10.10.220:5080/download,http://10.10.10.220:5080/users/sign_in,17,302,104,5,1,
contact,http://10.10.10.220:5080/contact,http://10.10.10.220:5080/users/sign_in,25,302,104,5,1,
spacer,http://10.10.10.220:5080/spacer,http://10.10.10.220:5080/users/sign_in,28,302,104,5,1,
2006,http://10.10.10.220:5080/2006,http://10.10.10.220:5080/users/sign_in,18,302,104,5,1,
crack,http://10.10.10.220:5080/crack,http://10.10.10.220:5080/users/sign_in,20,302,104,5,1,
"# or send a letter to Creative Commons, 171 Second Street, ","http://10.10.10.220:5080/# or send a letter to Creative Commons, 171 Second Street, ",http://10.10.10.220:5080/users/sign_in,8,302,104,5,1,
cgi-bin,http://10.10.10.220:5080/cgi-bin,http://10.10.10.220:5080/users/sign_in,35,302,104,5,1,
about,http://10.10.10.220:5080/about,http://10.10.10.220:5080/users/sign_in,26,302,104,5,1,
full,http://10.10.10.220:5080/full,http://10.10.10.220:5080/users/sign_in,23,302,104,5,1,
11,http://10.10.10.220:5080/11,http://10.10.10.220:5080/users/sign_in,30,302,104,5,1,
archives,http://10.10.10.220:5080/archives,http://10.10.10.220:5080/users/sign_in,44,302,104,5,1,
products,http://10.10.10.220:5080/products,http://10.10.10.220:5080/users/sign_in,42,302,104,5,1,
links,http://10.10.10.220:5080/links,http://10.10.10.220:5080/users/sign_in,47,302,104,5,1,
2005,http://10.10.10.220:5080/2005,http://10.10.10.220:5080/users/sign_in,41,302,104,5,1,
1,http://10.10.10.220:5080/1,http://10.10.10.220:5080/users/sign_in,45,302,104,5,1,
09,http://10.10.10.220:5080/09,http://10.10.10.220:5080/users/sign_in,46,302,104,5,1,
01,http://10.10.10.220:5080/01,http://10.10.10.220:5080/users/sign_in,48,302,104,5,1,
sitemap,http://10.10.10.220:5080/sitemap,http://10.10.10.220:5080/users/sign_in,43,302,104,5,1,
06,http://10.10.10.220:5080/06,http://10.10.10.220:5080/users/sign_in,50,302,104,5,1,
articles,http://10.10.10.220:5080/articles,http://10.10.10.220:5080/users/sign_in,54,302,104,5,1,
2,http://10.10.10.220:5080/2,http://10.10.10.220:5080/users/sign_in,51,302,104,5,1,
07,http://10.10.10.220:5080/07,http://10.10.10.220:5080/users/sign_in,52,302,104,5,1,
08,http://10.10.10.220:5080/08,http://10.10.10.220:5080/users/sign_in,49,302,104,5,1,
login,http://10.10.10.220:5080/login,http://10.10.10.220:5080/users/sign_in,53,302,104,5,1,
05,http://10.10.10.220:5080/05,http://10.10.10.220:5080/users/sign_in,56,302,104,5,1,
article,http://10.10.10.220:5080/article,http://10.10.10.220:5080/users/sign_in,58,302,104,5,1,
support,http://10.10.10.220:5080/support,http://10.10.10.220:5080/users/sign_in,55,302,104,5,1,
02,http://10.10.10.220:5080/02,http://10.10.10.220:5080/users/sign_in,64,302,104,5,1,
keygen,http://10.10.10.220:5080/keygen,http://10.10.10.220:5080/users/sign_in,57,302,104,5,1,
04,http://10.10.10.220:5080/04,http://10.10.10.220:5080/users/sign_in,59,302,104,5,1,
03,http://10.10.10.220:5080/03,http://10.10.10.220:5080/users/sign_in,60,302,104,5,1,
archive,http://10.10.10.220:5080/archive,http://10.10.10.220:5080/users/sign_in,63,302,104,5,1,
events,http://10.10.10.220:5080/events,http://10.10.10.220:5080/users/sign_in,62,302,104,5,1,
register,http://10.10.10.220:5080/register,http://10.10.10.220:5080/users/sign_in,65,302,104,5,1,
en,http://10.10.10.220:5080/en,http://10.10.10.220:5080/users/sign_in,66,302,104,5,1,
4,http://10.10.10.220:5080/4,http://10.10.10.220:5080/users/sign_in,74,302,104,5,1,
security,http://10.10.10.220:5080/security,http://10.10.10.220:5080/users/sign_in,71,302,104,5,1,
13,http://10.10.10.220:5080/13,http://10.10.10.220:5080/users/sign_in,72,302,104,5,1,
15,http://10.10.10.220:5080/15,http://10.10.10.220:5080/users/sign_in,78,302,104,5,1,
14,http://10.10.10.220:5080/14,http://10.10.10.220:5080/users/sign_in,76,302,104,5,1,
content,http://10.10.10.220:5080/content,http://10.10.10.220:5080/users/sign_in,75,302,104,5,1,
main,http://10.10.10.220:5080/main,http://10.10.10.220:5080/users/sign_in,77,302,104,5,1,
media,http://10.10.10.220:5080/media,http://10.10.10.220:5080/users/sign_in,80,302,104,5,1,
help,http://10.10.10.220:5080/help,,61,200,37667,2208,230,
forum,http://10.10.10.220:5080/forum,http://10.10.10.220:5080/users/sign_in,67,302,104,5,1,
software,http://10.10.10.220:5080/software,http://10.10.10.220:5080/users/sign_in,68,302,104,5,1,
category,http://10.10.10.220:5080/category,http://10.10.10.220:5080/users/sign_in,73,302,104,5,1,
3,http://10.10.10.220:5080/3,http://10.10.10.220:5080/users/sign_in,70,302,104,5,1,
downloads,http://10.10.10.220:5080/downloads,http://10.10.10.220:5080/users/sign_in,69,302,104,5,1,
press,http://10.10.10.220:5080/press,http://10.10.10.220:5080/users/sign_in,79,302,104,5,1,
templates,http://10.10.10.220:5080/templates,http://10.10.10.220:5080/users/sign_in,81,302,104,5,1,
info,http://10.10.10.220:5080/info,http://10.10.10.220:5080/users/sign_in,85,302,104,5,1,
icons,http://10.10.10.220:5080/icons,http://10.10.10.220:5080/users/sign_in,83,302,104,5,1,
resources,http://10.10.10.220:5080/resources,http://10.10.10.220:5080/users/sign_in,84,302,104,5,1,
profile,http://10.10.10.220:5080/profile,http://10.10.10.220:5080/users/sign_in,86,302,104,5,1,
16,http://10.10.10.220:5080/16,http://10.10.10.220:5080/users/sign_in,87,302,104,5,1,
18,http://10.10.10.220:5080/18,http://10.10.10.220:5080/users/sign_in,89,302,104,5,1,
html,http://10.10.10.220:5080/html,http://10.10.10.220:5080/users/sign_in,92,302,104,5,1,
services,http://10.10.10.220:5080/services,http://10.10.10.220:5080/users/sign_in,82,302,104,5,1,
2004,http://10.10.10.220:5080/2004,http://10.10.10.220:5080/users/sign_in,88,302,104,5,1,
contactus,http://10.10.10.220:5080/contactus,http://10.10.10.220:5080/users/sign_in,91,302,104,5,1,
features,http://10.10.10.220:5080/features,http://10.10.10.220:5080/users/sign_in,93,302,104,5,1,
docs,http://10.10.10.220:5080/docs,http://10.10.10.220:5080/users/sign_in,90,302,104,5,1,
6,http://10.10.10.220:5080/6,http://10.10.10.220:5080/users/sign_in,100,302,104,5,1,
21,http://10.10.10.220:5080/21,http://10.10.10.220:5080/users/sign_in,96,302,104,5,1,
22,http://10.10.10.220:5080/22,http://10.10.10.220:5080/users/sign_in,98,302,104,5,1,
page,http://10.10.10.220:5080/page,http://10.10.10.220:5080/users/sign_in,99,302,104,5,1,
files,http://10.10.10.220:5080/files,http://10.10.10.220:5080/users/sign_in,94,302,104,5,1,
24,http://10.10.10.220:5080/24,http://10.10.10.220:5080/users/sign_in,104,302,104,5,1,
5,http://10.10.10.220:5080/5,http://10.10.10.220:5080/users/sign_in,97,302,104,5,1,
20,http://10.10.10.220:5080/20,http://10.10.10.220:5080/users/sign_in,95,302,104,5,1,
2007,http://10.10.10.220:5080/2007,http://10.10.10.220:5080/users/sign_in,106,302,104,5,1,
misc,http://10.10.10.220:5080/misc,http://10.10.10.220:5080/users/sign_in,101,302,104,5,1,
terms,http://10.10.10.220:5080/terms,http://10.10.10.220:5080/users/sign_in,105,302,104,5,1,
19,http://10.10.10.220:5080/19,http://10.10.10.220:5080/users/sign_in,102,302,104,5,1,
partners,http://10.10.10.220:5080/partners,http://10.10.10.220:5080/users/sign_in,103,302,104,5,1,
17,http://10.10.10.220:5080/17,http://10.10.10.220:5080/users/sign_in,109,302,104,5,1,
i,http://10.10.10.220:5080/i,http://10.10.10.220:5080/users/sign_in,108,302,104,5,1,
23,http://10.10.10.220:5080/23,http://10.10.10.220:5080/users/sign_in,107,302,104,5,1,
legal,http://10.10.10.220:5080/legal,http://10.10.10.220:5080/users/sign_in,114,302,104,5,1,
top,http://10.10.10.220:5080/top,http://10.10.10.220:5080/users/sign_in,112,302,104,5,1,
30,http://10.10.10.220:5080/30,http://10.10.10.220:5080/users/sign_in,115,302,104,5,1,
9,http://10.10.10.220:5080/9,http://10.10.10.220:5080/users/sign_in,113,302,104,5,1,
27,http://10.10.10.220:5080/27,http://10.10.10.220:5080/users/sign_in,110,302,104,5,1,
26,http://10.10.10.220:5080/26,http://10.10.10.220:5080/users/sign_in,111,302,104,5,1,
29,http://10.10.10.220:5080/29,http://10.10.10.220:5080/users/sign_in,118,302,104,5,1,
banners,http://10.10.10.220:5080/banners,http://10.10.10.220:5080/users/sign_in,116,302,104,5,1,
xml,http://10.10.10.220:5080/xml,http://10.10.10.220:5080/users/sign_in,117,302,104,5,1,
7,http://10.10.10.220:5080/7,http://10.10.10.220:5080/users/sign_in,120,302,104,5,1,
28,http://10.10.10.220:5080/28,http://10.10.10.220:5080/users/sign_in,119,302,104,5,1,
tools,http://10.10.10.220:5080/tools,http://10.10.10.220:5080/users/sign_in,121,302,104,5,1,
0,http://10.10.10.220:5080/0,http://10.10.10.220:5080/users/sign_in,124,302,104,5,1,
projects,http://10.10.10.220:5080/projects,http://10.10.10.220:5080/explore,122,302,98,5,1,
25,http://10.10.10.220:5080/25,http://10.10.10.220:5080/users/sign_in,123,302,104,5,1,
user,http://10.10.10.220:5080/user,http://10.10.10.220:5080/users/sign_in,125,302,104,5,1,
forums,http://10.10.10.220:5080/forums,http://10.10.10.220:5080/users/sign_in,129,302,104,5,1,
themes,http://10.10.10.220:5080/themes,http://10.10.10.220:5080/users/sign_in,127,302,104,5,1,
feed,http://10.10.10.220:5080/feed,http://10.10.10.220:5080/users/sign_in,126,302,104,5,1,
linux,http://10.10.10.220:5080/linux,http://10.10.10.220:5080/users/sign_in,128,302,104,5,1,
business,http://10.10.10.220:5080/business,http://10.10.10.220:5080/users/sign_in,131,302,104,5,1,
books,http://10.10.10.220:5080/books,http://10.10.10.220:5080/users/sign_in,135,302,104,5,1,
jobs,http://10.10.10.220:5080/jobs,http://10.10.10.220:5080/users/sign_in,130,302,104,5,1,
8,http://10.10.10.220:5080/8,http://10.10.10.220:5080/users/sign_in,132,302,104,5,1,
video,http://10.10.10.220:5080/video,http://10.10.10.220:5080/users/sign_in,133,302,104,5,1,
reviews,http://10.10.10.220:5080/reviews,http://10.10.10.220:5080/users/sign_in,137,302,104,5,1,
email,http://10.10.10.220:5080/email,http://10.10.10.220:5080/users/sign_in,134,302,104,5,1,
view,http://10.10.10.220:5080/view,http://10.10.10.220:5080/users/sign_in,138,302,104,5,1,
pdf,http://10.10.10.220:5080/pdf,http://10.10.10.220:5080/users/sign_in,143,302,104,5,1,
feedback,http://10.10.10.220:5080/feedback,http://10.10.10.220:5080/users/sign_in,141,302,104,5,1,
print,http://10.10.10.220:5080/print,http://10.10.10.220:5080/users/sign_in,142,302,104,5,1,
research,http://10.10.10.220:5080/research,http://10.10.10.220:5080/users/sign_in,140,302,104,5,1,
banner,http://10.10.10.220:5080/banner,http://10.10.10.220:5080/users/sign_in,136,302,104,5,1,
modules,http://10.10.10.220:5080/modules,http://10.10.10.220:5080/users/sign_in,145,302,104,5,1,
2003,http://10.10.10.220:5080/2003,http://10.10.10.220:5080/users/sign_in,146,302,104,5,1,
graphics,http://10.10.10.220:5080/graphics,http://10.10.10.220:5080/users/sign_in,139,302,104,5,1,
ads,http://10.10.10.220:5080/ads,http://10.10.10.220:5080/users/sign_in,144,302,104,5,1,
company,http://10.10.10.220:5080/company,http://10.10.10.220:5080/users/sign_in,147,302,104,5,1,
blank,http://10.10.10.220:5080/blank,http://10.10.10.220:5080/users/sign_in,148,302,104,5,1,
games,http://10.10.10.220:5080/games,http://10.10.10.220:5080/users/sign_in,150,302,104,5,1,
people,http://10.10.10.220:5080/people,http://10.10.10.220:5080/users/sign_in,155,302,104,5,1,
pub,http://10.10.10.220:5080/pub,http://10.10.10.220:5080/users/sign_in,149,302,104,5,1,
copyright,http://10.10.10.220:5080/copyright,http://10.10.10.220:5080/users/sign_in,151,302,104,5,1,
common,http://10.10.10.220:5080/common,http://10.10.10.220:5080/users/sign_in,152,302,104,5,1,
site,http://10.10.10.220:5080/site,http://10.10.10.220:5080/users/sign_in,153,302,104,5,1,
logos,http://10.10.10.220:5080/logos,http://10.10.10.220:5080/users/sign_in,159,302,104,5,1,
sports,http://10.10.10.220:5080/sports,http://10.10.10.220:5080/users/sign_in,158,302,104,5,1,
comments,http://10.10.10.220:5080/comments,http://10.10.10.220:5080/users/sign_in,154,302,104,5,1,
buttons,http://10.10.10.220:5080/buttons,http://10.10.10.220:5080/users/sign_in,160,302,104,5,1,
product,http://10.10.10.220:5080/product,http://10.10.10.220:5080/users/sign_in,157,302,104,5,1,
aboutus,http://10.10.10.220:5080/aboutus,http://10.10.10.220:5080/users/sign_in,156,302,104,5,1,
english,http://10.10.10.220:5080/english,http://10.10.10.220:5080/users/sign_in,161,302,104,5,1,
image,http://10.10.10.220:5080/image,http://10.10.10.220:5080/users/sign_in,163,302,104,5,1,
story,http://10.10.10.220:5080/story,http://10.10.10.220:5080/users/sign_in,162,302,104,5,1,
blogs,http://10.10.10.220:5080/blogs,http://10.10.10.220:5080/users/sign_in,167,302,104,5,1,
gallery,http://10.10.10.220:5080/gallery,http://10.10.10.220:5080/users/sign_in,168,302,104,5,1,
31,http://10.10.10.220:5080/31,http://10.10.10.220:5080/users/sign_in,165,302,104,5,1,
uploads,http://10.10.10.220:5080/uploads,http://10.10.10.220:5080/users/sign_in,164,302,104,5,1,
subscribe,http://10.10.10.220:5080/subscribe,http://10.10.10.220:5080/users/sign_in,166,302,104,5,1,
atom,http://10.10.10.220:5080/atom,http://10.10.10.220:5080/users/sign_in,169,302,104,5,1,
music,http://10.10.10.220:5080/music,http://10.10.10.220:5080/users/sign_in,172,302,104,5,1,
stats,http://10.10.10.220:5080/stats,http://10.10.10.220:5080/users/sign_in,171,302,104,5,1,
newsletter,http://10.10.10.220:5080/newsletter,http://10.10.10.220:5080/users/sign_in,170,302,104,5,1,
careers,http://10.10.10.220:5080/careers,http://10.10.10.220:5080/users/sign_in,173,302,104,5,1,
pages,http://10.10.10.220:5080/pages,http://10.10.10.220:5080/users/sign_in,174,302,104,5,1,
technology,http://10.10.10.220:5080/technology,http://10.10.10.220:5080/users/sign_in,176,302,104,5,1,
publications,http://10.10.10.220:5080/publications,http://10.10.10.220:5080/users/sign_in,175,302,104,5,1,
calendar,http://10.10.10.220:5080/calendar,http://10.10.10.220:5080/users/sign_in,177,302,104,5,1,
photos,http://10.10.10.220:5080/photos,http://10.10.10.220:5080/users/sign_in,179,302,104,5,1,
papers,http://10.10.10.220:5080/papers,http://10.10.10.220:5080/users/sign_in,180,302,104,5,1,
stories,http://10.10.10.220:5080/stories,http://10.10.10.220:5080/users/sign_in,178,302,104,5,1,
community,http://10.10.10.220:5080/community,http://10.10.10.220:5080/users/sign_in,181,302,104,5,1,
history,http://10.10.10.220:5080/history,http://10.10.10.220:5080/users/sign_in,183,302,104,5,1,
data,http://10.10.10.220:5080/data,http://10.10.10.220:5080/users/sign_in,182,302,104,5,1,
arrow,http://10.10.10.220:5080/arrow,http://10.10.10.220:5080/users/sign_in,184,302,104,5,1,
s,http://10.10.10.220:5080/s,http://10.10.10.220:5080/users/sign_in,187,302,104,5,1,
submit,http://10.10.10.220:5080/submit,http://10.10.10.220:5080/users/sign_in,185,302,104,5,1,
www,http://10.10.10.220:5080/www,http://10.10.10.220:5080/users/sign_in,186,302,104,5,1,
web,http://10.10.10.220:5080/web,http://10.10.10.220:5080/users/sign_in,188,302,104,5,1,
library,http://10.10.10.220:5080/library,http://10.10.10.220:5080/users/sign_in,189,302,104,5,1,
header,http://10.10.10.220:5080/header,http://10.10.10.220:5080/users/sign_in,191,302,104,5,1,
education,http://10.10.10.220:5080/education,http://10.10.10.220:5080/users/sign_in,192,302,104,5,1,
wiki,http://10.10.10.220:5080/wiki,http://10.10.10.220:5080/users/sign_in,190,302,104,5,1,
in,http://10.10.10.220:5080/in,http://10.10.10.220:5080/users/sign_in,195,302,104,5,1,
go,http://10.10.10.220:5080/go,http://10.10.10.220:5080/users/sign_in,193,302,104,5,1,
internet,http://10.10.10.220:5080/internet,http://10.10.10.220:5080/users/sign_in,194,302,104,5,1,
advertise,http://10.10.10.220:5080/advertise,http://10.10.10.220:5080/users/sign_in,197,302,104,5,1,
b,http://10.10.10.220:5080/b,http://10.10.10.220:5080/users/sign_in,196,302,104,5,1,
a,http://10.10.10.220:5080/a,http://10.10.10.220:5080/users/sign_in,198,302,104,5,1,
spam,http://10.10.10.220:5080/spam,http://10.10.10.220:5080/users/sign_in,199,302,104,5,1,
nav,http://10.10.10.220:5080/nav,http://10.10.10.220:5080/users/sign_in,200,302,104,5,1,
mail,http://10.10.10.220:5080/mail,http://10.10.10.220:5080/users/sign_in,201,302,104,5,1,
Images,http://10.10.10.220:5080/Images,http://10.10.10.220:5080/users/sign_in,203,302,104,5,1,
users,http://10.10.10.220:5080/users,http://10.10.10.220:5080/users/sign_in,202,302,104,5,1,
topics,http://10.10.10.220:5080/topics,http://10.10.10.220:5080/users/sign_in,204,302,104,5,1,
members,http://10.10.10.220:5080/members,http://10.10.10.220:5080/users/sign_in,205,302,104,5,1,
disclaimer,http://10.10.10.220:5080/disclaimer,http://10.10.10.220:5080/users/sign_in,206,302,104,5,1,
feeds,http://10.10.10.220:5080/feeds,http://10.10.10.220:5080/users/sign_in,209,302,104,5,1,
store,http://10.10.10.220:5080/store,http://10.10.10.220:5080/users/sign_in,207,302,104,5,1,
awards,http://10.10.10.220:5080/awards,http://10.10.10.220:5080/users/sign_in,211,302,104,5,1,
c,http://10.10.10.220:5080/c,http://10.10.10.220:5080/users/sign_in,210,302,104,5,1,
pics,http://10.10.10.220:5080/pics,http://10.10.10.220:5080/users/sign_in,215,302,104,5,1,
clear,http://10.10.10.220:5080/clear,http://10.10.10.220:5080/users/sign_in,208,302,104,5,1,
Default,http://10.10.10.220:5080/Default,http://10.10.10.220:5080/users/sign_in,213,302,104,5,1,
2002,http://10.10.10.220:5080/2002,http://10.10.10.220:5080/users/sign_in,212,302,104,5,1,
general,http://10.10.10.220:5080/general,http://10.10.10.220:5080/users/sign_in,214,302,104,5,1,
dir,http://10.10.10.220:5080/dir,http://10.10.10.220:5080/users/sign_in,216,302,104,5,1,
map,http://10.10.10.220:5080/map,http://10.10.10.220:5080/users/sign_in,219,302,104,5,1,
solutions,http://10.10.10.220:5080/solutions,http://10.10.10.220:5080/users/sign_in,218,302,104,5,1,
News,http://10.10.10.220:5080/News,http://10.10.10.220:5080/users/sign_in,220,302,104,5,1,
signup,http://10.10.10.220:5080/signup,http://10.10.10.220:5080/users/sign_in,217,302,104,5,1,
de,http://10.10.10.220:5080/de,http://10.10.10.220:5080/users/sign_in,223,302,104,5,1,
shop,http://10.10.10.220:5080/shop,http://10.10.10.220:5080/users/sign_in,226,302,104,5,1,
doc,http://10.10.10.220:5080/doc,http://10.10.10.220:5080/users/sign_in,222,302,104,5,1,
contacts,http://10.10.10.220:5080/contacts,http://10.10.10.220:5080/users/sign_in,227,302,104,5,1,
index2,http://10.10.10.220:5080/index2,http://10.10.10.220:5080/users/sign_in,225,302,104,5,1,
public,http://10.10.10.220:5080/public,,221,200,14782,670,286,
weblog,http://10.10.10.220:5080/weblog,http://10.10.10.220:5080/users/sign_in,224,302,104,5,1,
fr,http://10.10.10.220:5080/fr,http://10.10.10.220:5080/users/sign_in,229,302,104,5,1,
list,http://10.10.10.220:5080/list,http://10.10.10.220:5080/users/sign_in,232,302,104,5,1,
homepage,http://10.10.10.220:5080/homepage,http://10.10.10.220:5080/users/sign_in,228,302,104,5,1,
travel,http://10.10.10.220:5080/travel,http://10.10.10.220:5080/users/sign_in,231,302,104,5,1,
button,http://10.10.10.220:5080/button,http://10.10.10.220:5080/users/sign_in,230,302,104,5,1,
pixel,http://10.10.10.220:5080/pixel,http://10.10.10.220:5080/users/sign_in,233,302,104,5,1,
contact_us,http://10.10.10.220:5080/contact_us,http://10.10.10.220:5080/users/sign_in,239,302,104,5,1,
viewtopic,http://10.10.10.220:5080/viewtopic,http://10.10.10.220:5080/users/sign_in,234,302,104,5,1,
documents,http://10.10.10.220:5080/documents,http://10.10.10.220:5080/users/sign_in,235,302,104,5,1,
tips,http://10.10.10.220:5080/tips,http://10.10.10.220:5080/users/sign_in,237,302,104,5,1,
adclick,http://10.10.10.220:5080/adclick,http://10.10.10.220:5080/users/sign_in,238,302,104,5,1,
overview,http://10.10.10.220:5080/overview,http://10.10.10.220:5080/users/sign_in,236,302,104,5,1,
movies,http://10.10.10.220:5080/movies,http://10.10.10.220:5080/users/sign_in,240,302,104,5,1,
us,http://10.10.10.220:5080/us,http://10.10.10.220:5080/users/sign_in,243,302,104,5,1,
wp-content,http://10.10.10.220:5080/wp-content,http://10.10.10.220:5080/users/sign_in,241,302,104,5,1,
catalog,http://10.10.10.220:5080/catalog,http://10.10.10.220:5080/users/sign_in,242,302,104,5,1,
hardware,http://10.10.10.220:5080/hardware,http://10.10.10.220:5080/users/sign_in,246,302,104,5,1,
p,http://10.10.10.220:5080/p,http://10.10.10.220:5080/users/sign_in,244,302,104,5,1,
staff,http://10.10.10.220:5080/staff,http://10.10.10.220:5080/users/sign_in,245,302,104,5,1,
global,http://10.10.10.220:5080/global,http://10.10.10.220:5080/users/sign_in,248,302,104,5,1,
apps,http://10.10.10.220:5080/apps,http://10.10.10.220:5080/users/sign_in,250,302,104,5,1,
wireless,http://10.10.10.220:5080/wireless,http://10.10.10.220:5080/users/sign_in,247,302,104,5,1,
screenshots,http://10.10.10.220:5080/screenshots,http://10.10.10.220:5080/users/sign_in,249,302,104,5,1,
online,http://10.10.10.220:5080/online,http://10.10.10.220:5080/users/sign_in,251,302,104,5,1,
mobile,http://10.10.10.220:5080/mobile,http://10.10.10.220:5080/users/sign_in,254,302,104,5,1,
directory,http://10.10.10.220:5080/directory,http://10.10.10.220:5080/users/sign_in,253,302,104,5,1,
version,http://10.10.10.220:5080/version,http://10.10.10.220:5080/users/sign_in,252,302,104,5,1,
advertising,http://10.10.10.220:5080/advertising,http://10.10.10.220:5080/users/sign_in,256,302,104,5,1,
welcome,http://10.10.10.220:5080/welcome,http://10.10.10.220:5080/users/sign_in,258,302,104,5,1,
tech,http://10.10.10.220:5080/tech,http://10.10.10.220:5080/users/sign_in,257,302,104,5,1,
other,http://10.10.10.220:5080/other,http://10.10.10.220:5080/users/sign_in,255,302,104,5,1,
faqs,http://10.10.10.220:5080/faqs,http://10.10.10.220:5080/users/sign_in,262,302,104,5,1,
admin,http://10.10.10.220:5080/admin,http://10.10.10.220:5080/users/sign_in,259,302,104,5,1,
t,http://10.10.10.220:5080/t,http://10.10.10.220:5080/users/sign_in,260,302,104,5,1,
policy,http://10.10.10.220:5080/policy,http://10.10.10.220:5080/users/sign_in,261,302,104,5,1,
space,http://10.10.10.220:5080/space,http://10.10.10.220:5080/users/sign_in,267,302,104,5,1,
member,http://10.10.10.220:5080/member,http://10.10.10.220:5080/users/sign_in,268,302,104,5,1,
2001,http://10.10.10.220:5080/2001,http://10.10.10.220:5080/users/sign_in,263,302,104,5,1,
link,http://10.10.10.220:5080/link,http://10.10.10.220:5080/users/sign_in,264,302,104,5,1,
join,http://10.10.10.220:5080/join,http://10.10.10.220:5080/users/sign_in,270,302,104,5,1,
static,http://10.10.10.220:5080/static,http://10.10.10.220:5080/users/sign_in,269,302,104,5,1,
releases,http://10.10.10.220:5080/releases,http://10.10.10.220:5080/users/sign_in,266,302,104,5,1,
training,http://10.10.10.220:5080/training,http://10.10.10.220:5080/users/sign_in,265,302,104,5,1,
weather,http://10.10.10.220:5080/weather,http://10.10.10.220:5080/users/sign_in,272,302,104,5,1,
health,http://10.10.10.220:5080/health,http://10.10.10.220:5080/users/sign_in,271,302,104,5,1,
reports,http://10.10.10.220:5080/reports,http://10.10.10.220:5080/users/sign_in,273,302,104,5,1,
scripts,http://10.10.10.220:5080/scripts,http://10.10.10.220:5080/users/sign_in,274,302,104,5,1,
showallsites,http://10.10.10.220:5080/showallsites,http://10.10.10.220:5080/users/sign_in,277,302,104,5,1,
windows,http://10.10.10.220:5080/windows,http://10.10.10.220:5080/users/sign_in,276,302,104,5,1,
browse,http://10.10.10.220:5080/browse,http://10.10.10.220:5080/users/sign_in,275,302,104,5,1,
programs,http://10.10.10.220:5080/programs,http://10.10.10.220:5080/users/sign_in,278,302,104,5,1,
EWbutton_Community,http://10.10.10.220:5080/EWbutton_Community,http://10.10.10.220:5080/users/sign_in,280,302,104,5,1,
FireFox_Reco,http://10.10.10.220:5080/FireFox_Reco,http://10.10.10.220:5080/users/sign_in,279,302,104,5,1,
EuropeMirror,http://10.10.10.220:5080/EuropeMirror,http://10.10.10.220:5080/users/sign_in,283,302,104,5,1,
EWbutton_GuestBook,http://10.10.10.220:5080/EWbutton_GuestBook,http://10.10.10.220:5080/users/sign_in,281,302,104,5,1,
menu,http://10.10.10.220:5080/menu,http://10.10.10.220:5080/users/sign_in,282,302,104,5,1,
pr,http://10.10.10.220:5080/pr,http://10.10.10.220:5080/users/sign_in,288,302,104,5,1,
entertainment,http://10.10.10.220:5080/entertainment,http://10.10.10.220:5080/users/sign_in,285,302,104,5,1,
Home,http://10.10.10.220:5080/Home,http://10.10.10.220:5080/users/sign_in,286,302,104,5,1,
newsletters,http://10.10.10.220:5080/newsletters,http://10.10.10.220:5080/users/sign_in,287,302,104,5,1,
2000,http://10.10.10.220:5080/2000,http://10.10.10.220:5080/users/sign_in,284,302,104,5,1,
categories,http://10.10.10.220:5080/categories,http://10.10.10.220:5080/users/sign_in,290,302,104,5,1,
32,http://10.10.10.220:5080/32,http://10.10.10.220:5080/users/sign_in,289,302,104,5,1,
assets,http://10.10.10.220:5080/assets,http://10.10.10.220:5080/users/sign_in,291,302,104,5,1,
strona_8,http://10.10.10.220:5080/strona_8,http://10.10.10.220:5080/users/sign_in,298,302,104,5,1,
strona_6,http://10.10.10.220:5080/strona_6,http://10.10.10.220:5080/users/sign_in,294,302,104,5,1,
detail,http://10.10.10.220:5080/detail,http://10.10.10.220:5080/users/sign_in,292,302,104,5,1,
strona_11,http://10.10.10.220:5080/strona_11,http://10.10.10.220:5080/users/sign_in,293,302,104,5,1,
strona_1,http://10.10.10.220:5080/strona_1,http://10.10.10.220:5080/users/sign_in,299,302,104,5,1,
36,http://10.10.10.220:5080/36,http://10.10.10.220:5080/users/sign_in,296,302,104,5,1,
strona_3,http://10.10.10.220:5080/strona_3,http://10.10.10.220:5080/users/sign_in,300,302,104,5,1,
strona_4,http://10.10.10.220:5080/strona_4,http://10.10.10.220:5080/users/sign_in,303,302,104,5,1,
strona_14,http://10.10.10.220:5080/strona_14,http://10.10.10.220:5080/users/sign_in,295,302,104,5,1,
strona_2,http://10.10.10.220:5080/strona_2,http://10.10.10.220:5080/users/sign_in,297,302,104,5,1,
strona_17,http://10.10.10.220:5080/strona_17,http://10.10.10.220:5080/users/sign_in,302,302,104,5,1,
strona_16,http://10.10.10.220:5080/strona_16,http://10.10.10.220:5080/users/sign_in,304,302,104,5,1,
strona_5,http://10.10.10.220:5080/strona_5,http://10.10.10.220:5080/users/sign_in,306,302,104,5,1,
strona_18,http://10.10.10.220:5080/strona_18,http://10.10.10.220:5080/users/sign_in,301,302,104,5,1,
strona_10,http://10.10.10.220:5080/strona_10,http://10.10.10.220:5080/users/sign_in,309,302,104,5,1,
strona_9,http://10.10.10.220:5080/strona_9,http://10.10.10.220:5080/users/sign_in,305,302,104,5,1,
registration,http://10.10.10.220:5080/registration,http://10.10.10.220:5080/users/sign_in,311,302,104,5,1,
strona_15,http://10.10.10.220:5080/strona_15,http://10.10.10.220:5080/users/sign_in,308,302,104,5,1,
strona_12,http://10.10.10.220:5080/strona_12,http://10.10.10.220:5080/users/sign_in,310,302,104,5,1,
strona_7,http://10.10.10.220:5080/strona_7,http://10.10.10.220:5080/users/sign_in,307,302,104,5,1,
strona_19,http://10.10.10.220:5080/strona_19,http://10.10.10.220:5080/users/sign_in,313,302,104,5,1,
strona_13,http://10.10.10.220:5080/strona_13,http://10.10.10.220:5080/users/sign_in,314,302,104,5,1,
kontakt,http://10.10.10.220:5080/kontakt,http://10.10.10.220:5080/users/sign_in,316,302,104,5,1,
strona_21,http://10.10.10.220:5080/strona_21,http://10.10.10.220:5080/users/sign_in,315,302,104,5,1,
strona_20,http://10.10.10.220:5080/strona_20,http://10.10.10.220:5080/users/sign_in,312,302,104,5,1,
glossary,http://10.10.10.220:5080/glossary,http://10.10.10.220:5080/users/sign_in,318,302,104,5,1,
40,http://10.10.10.220:5080/40,http://10.10.10.220:5080/users/sign_in,317,302,104,5,1,
mailman,http://10.10.10.220:5080/mailman,http://10.10.10.220:5080/users/sign_in,320,302,104,5,1,
showthread,http://10.10.10.220:5080/showthread,http://10.10.10.220:5080/users/sign_in,319,302,104,5,1,
cnt,http://10.10.10.220:5080/cnt,http://10.10.10.220:5080/users/sign_in,321,302,104,5,1,
order,http://10.10.10.220:5080/order,http://10.10.10.220:5080/users/sign_in,322,302,104,5,1,
tutorials,http://10.10.10.220:5080/tutorials,http://10.10.10.220:5080/users/sign_in,323,302,104,5,1,
listinfo,http://10.10.10.220:5080/listinfo,http://10.10.10.220:5080/users/sign_in,324,302,104,5,1,
33,http://10.10.10.220:5080/33,http://10.10.10.220:5080/users/sign_in,325,302,104,5,1,
35,http://10.10.10.220:5080/35,http://10.10.10.220:5080/users/sign_in,327,302,104,5,1,
r,http://10.10.10.220:5080/r,http://10.10.10.220:5080/users/sign_in,326,302,104,5,1,
whitepapers,http://10.10.10.220:5080/whitepapers,http://10.10.10.220:5080/users/sign_in,328,302,104,5,1,
